frame_index,timestamp_s,ball_x,ball_y,radius_px,circularity,v_at_center,confidence,n_candidates
0,0.0,,,,,,0.0,0
1,0.0167,903.82,320.68,8.09,0.643,235,0.593,1
2,0.0334,1225.32,438.15,7.66,0.77,232,0.701,1
3,0.05,1306.43,472.98,6.83,0.75,232,0.682,1
4,0.0667,1318.29,484.07,6.79,0.771,235,0.71,1
5,0.0834,1329.77,495.08,6.36,0.819,236,0.758,1
6,0.1001,1341.0,506.45,6.33,0.744,237,0.691,1
7,0.1168,1352.23,518.59,6.4,0.838,236,0.775,1
8,0.1334,1363.24,530.96,5.97,0.625,235,0.576,2
9,0.1501,1373.61,541.35,6.45,0.802,233,0.733,1
10,0.1668,1382.7,545.53,5.78,0.819,236,0.758,1
11,0.1835,1390.42,541.26,6.06,0.84,236,0.778,1
12,0.2002,1397.35,532.34,5.74,0.883,233,0.807,2
13,0.2168,1403.85,522.63,6.14,0.768,232,0.698,2
14,0.2335,1410.02,513.45,5.51,0.643,235,0.592,1
15,0.2502,1416.38,505.02,5.22,0.482,237,0.448,1
16,0.2669,1423.17,497.35,6.17,0.651,233,0.595,1
17,0.2836,1429.92,490.49,6.32,0.683,233,0.624,1
18,0.3002,1436.34,484.39,6.51,0.858,235,0.79,1
19,0.3169,1442.5,478.72,6.49,0.845,236,0.782,1
20,0.3336,1448.46,473.3,6.52,0.839,235,0.773,1
21,0.3503,1453.06,467.89,6.19,0.798,236,0.739,1
22,0.367,1452.81,461.69,6.09,0.828,223,0.724,1
23,0.3836,1444.71,454.23,6.43,0.852,226,0.755,2
24,0.4003,1431.74,446.26,7.28,0.716,235,0.66,3
25,0.417,1417.91,438.4,6.98,0.726,235,0.669,1
26,0.4337,1403.99,430.89,7.05,0.829,237,0.771,1
27,0.4503,1389.82,423.81,6.88,0.797,236,0.738,1
28,0.467,1375.61,417.12,6.81,0.781,232,0.711,1
29,0.4837,1361.45,410.87,6.68,0.77,232,0.701,1
30,0.5004,1347.19,405.06,6.79,0.826,235,0.761,1
31,0.5171,1332.65,399.74,6.69,0.792,235,0.73,1
32,0.5337,1317.95,394.89,6.91,0.854,237,0.794,1
33,0.5504,1303.27,390.42,6.66,0.815,236,0.754,1
34,0.5671,1288.49,386.36,7.02,0.824,233,0.753,1
35,0.5838,1273.57,382.81,7.04,0.807,235,0.744,1
36,0.6005,1258.55,379.83,7.04,0.807,232,0.734,1
37,0.6171,1243.43,377.4,7.17,0.81,233,0.741,1
38,0.6338,1228.23,375.52,7.26,0.819,232,0.745,1
39,0.6505,1212.88,374.16,7.11,0.806,232,0.733,1
40,0.6672,1197.46,373.26,7.46,0.831,233,0.759,3
41,0.6839,1181.97,372.83,7.46,0.77,232,0.7,2
42,0.7005,1166.31,372.93,7.41,0.826,233,0.755,2
43,0.7172,1150.45,373.6,7.37,0.817,233,0.746,2
44,0.7339,1134.55,374.86,7.29,0.808,232,0.735,1
45,0.7506,1118.63,376.68,7.18,0.821,232,0.747,1
46,0.7673,1102.53,379.11,7.4,0.872,233,0.796,1
47,0.7839,1086.3,382.07,7.41,0.816,235,0.752,1
48,0.8006,1069.88,385.55,7.56,0.822,233,0.751,1
49,0.8173,1053.32,389.33,7.77,0.781,235,0.72,1
50,0.834,1036.06,393.5,7.98,0.719,235,0.663,1
51,0.8507,1015.41,399.85,4.87,0.521,226,0.462,1
52,0.8673,,,,,,0.0,0
53,0.884,991.25,409.42,8.5,0.698,232,0.635,1
54,0.9007,969.75,418.91,9.3,0.497,232,0.452,1
55,0.9174,951.68,427.02,9.21,0.515,235,0.474,1
56,0.9341,934.5,435.21,9.33,0.59,235,0.544,2
57,0.9507,917.19,444.55,9.09,0.64,232,0.583,1
58,0.9674,899.43,454.69,8.6,0.684,235,0.63,1
59,0.9841,881.57,465.45,8.0,0.687,235,0.633,1
60,1.0008,863.73,476.81,7.92,0.882,233,0.806,1
61,1.0175,845.87,488.83,7.78,0.84,235,0.774,1
62,1.0341,827.95,501.48,8.3,0.763,233,0.698,1
63,1.0508,809.79,514.72,8.61,0.806,232,0.733,1
64,1.0675,791.21,528.66,7.97,0.812,233,0.742,2
65,1.0842,772.42,543.42,8.39,0.756,231,0.684,1
66,1.1009,753.41,559.23,8.78,0.805,231,0.729,1
67,1.1175,734.29,575.82,9.26,0.785,232,0.714,1
68,1.1342,715.26,592.87,9.39,0.812,232,0.739,1
69,1.1509,696.7,608.44,9.95,0.755,231,0.684,1
70,1.1676,679.97,617.21,9.44,0.781,237,0.726,2
71,1.1843,666.06,615.3,9.25,0.789,232,0.718,1
72,1.2009,653.83,606.86,9.3,0.74,233,0.677,1
73,1.2176,641.77,597.08,9.13,0.849,235,0.782,1
74,1.2343,629.55,587.79,9.12,0.831,233,0.76,1
75,1.251,617.38,579.17,9.21,0.88,233,0.804,1
76,1.2676,605.26,571.18,9.11,0.828,233,0.757,1
77,1.2843,592.98,563.81,9.02,0.834,233,0.762,1
78,1.301,580.53,557.02,8.9,0.861,235,0.793,1
79,1.3177,568.13,550.84,8.78,0.818,232,0.744,1
80,1.3344,555.75,545.31,9.03,0.778,233,0.711,1
81,1.351,542.47,540.28,9.2,0.839,236,0.777,1
82,1.3677,526.0,535.42,9.92,0.665,232,0.605,1
83,1.3844,,,,,,0.0,0
84,1.4011,504.49,530.7,10.6,0.653,233,0.597,1
85,1.4178,,,,,,0.0,0
86,1.4344,480.06,527.13,12.21,0.591,235,0.544,2
87,1.4511,,,,,,0.0,0
88,1.4678,456.85,525.84,8.0,0.462,233,0.422,1
89,1.4845,438.71,525.77,8.19,0.456,232,0.415,1
90,1.5012,,,,,,0.0,0
91,1.5178,432.52,522.71,8.49,0.466,233,0.425,1
92,1.5345,,,,,,0.0,0
93,1.5512,448.09,512.24,9.58,0.764,228,0.683,1
94,1.5679,474.06,493.74,12.41,0.745,226,0.66,1
95,1.5846,492.44,466.78,11.27,0.659,230,0.594,1
96,1.6012,,,,,,0.0,0
97,1.6179,519.25,440.23,4.72,0.755,175,0.518,2
98,1.6346,580.24,429.22,11.25,0.746,230,0.673,1
99,1.6513,637.8,423.23,9.67,0.598,229,0.537,1
100,1.668,675.93,414.25,10.69,0.646,231,0.585,1
101,1.6846,706.5,404.27,10.3,0.738,231,0.669,1
102,1.7013,736.15,395.04,10.47,0.746,230,0.673,2
103,1.718,764.88,386.78,9.91,0.72,232,0.655,1
104,1.7347,792.83,379.53,9.8,0.75,231,0.68,1
105,1.7514,820.06,373.14,9.6,0.786,232,0.715,1
106,1.768,846.69,367.58,9.55,0.741,232,0.674,1
107,1.7847,872.78,362.69,9.36,0.737,231,0.668,1
108,1.8014,898.33,358.43,9.25,0.732,232,0.666,1
109,1.8181,923.2,354.87,9.3,0.733,232,0.667,1
110,1.8348,947.47,352.02,9.45,0.769,233,0.703,1
111,1.8514,971.35,349.93,9.27,0.753,232,0.685,1
112,1.8681,994.75,348.54,9.47,0.691,230,0.624,1
113,1.8848,1017.62,347.86,9.56,0.821,231,0.744,1
114,1.9015,1040.01,347.98,9.51,0.659,231,0.597,1
115,1.9182,1062.0,348.72,9.24,0.608,232,0.553,1
116,1.9348,1083.62,349.99,8.95,0.759,231,0.688,1
117,1.9515,1104.83,351.85,8.4,0.763,232,0.695,1
118,1.9682,1125.7,354.38,8.25,0.761,231,0.689,1
119,1.9849,1146.19,357.45,7.51,0.829,233,0.757,1
120,2.0016,1166.16,360.93,7.82,0.844,232,0.768,1
121,2.0182,1185.64,364.85,7.85,0.833,232,0.757,1
122,2.0349,1204.66,369.3,7.91,0.81,233,0.74,1
123,2.0516,1223.19,374.19,7.66,0.77,235,0.71,1
124,2.0683,1241.36,379.55,8.07,0.772,231,0.699,1
125,2.0849,1259.33,385.41,7.92,0.75,233,0.685,1
126,2.1016,1277.02,391.73,7.85,0.798,233,0.729,1
127,2.1183,1294.34,398.52,7.67,0.829,232,0.754,1
128,2.135,1311.35,405.85,7.66,0.717,232,0.652,1
129,2.1517,1328.03,413.67,7.69,0.833,233,0.761,1
130,2.1683,1344.44,421.88,7.77,0.781,233,0.714,1
131,2.185,1360.52,430.34,8.47,0.657,233,0.6,1
132,2.2017,1376.17,439.09,8.21,0.758,239,0.71,2
133,2.2184,1391.76,448.51,7.54,0.768,235,0.708,1
134,2.2351,1407.16,458.31,7.59,0.74,231,0.67,1
135,2.2517,1422.07,468.03,7.29,0.793,236,0.734,1
136,2.2684,1436.5,477.86,6.28,0.812,237,0.755,1
137,2.2851,1450.72,488.38,6.26,0.764,237,0.71,1
138,2.3018,1464.96,499.78,6.64,0.809,235,0.745,1
139,2.3185,1479.12,511.11,6.45,0.774,235,0.713,1
140,2.3351,1492.5,519.86,6.36,0.772,235,0.712,1
141,2.3518,1504.19,522.02,6.19,0.798,232,0.726,2
142,2.3685,1514.13,516.41,5.7,0.734,232,0.667,1
143,2.3852,1523.28,507.1,4.95,0.6,235,0.553,1
144,2.4019,1532.27,496.91,4.75,0.587,236,0.544,2
145,2.4185,1539.71,484.2,5.25,0.695,233,0.635,1
146,2.4352,,,,,,0.0,0
147,2.4519,,,,,,0.0,0
148,2.4686,1540.35,468.44,7.64,0.722,231,0.654,2
149,2.4853,1530.13,454.23,7.83,0.748,236,0.692,1
150,2.5019,1513.45,442.59,7.99,0.757,236,0.7,1
151,2.5186,1495.24,431.94,7.6,0.831,233,0.759,1
152,2.5353,1476.78,421.65,8.53,0.697,232,0.634,1
153,2.552,1458.05,411.71,8.57,0.588,235,0.542,1
154,2.5687,1439.24,401.96,7.54,0.768,235,0.708,2
155,2.5853,1420.39,392.61,7.73,0.807,235,0.744,1
156,2.602,1401.39,383.82,7.78,0.81,232,0.737,1
157,2.6187,1382.09,375.46,7.81,0.85,236,0.787,2
158,2.6354,1362.6,367.46,7.84,0.813,235,0.749,1
159,2.6521,1343.05,359.79,7.72,0.837,235,0.772,1
160,2.6687,1323.44,352.51,7.89,0.806,233,0.736,1
161,2.6854,1303.49,345.7,8.04,0.819,235,0.755,1
162,2.7021,1283.25,339.39,8.1,0.762,232,0.693,3
163,2.7188,1262.81,333.52,8.19,0.785,233,0.717,2
164,2.7355,1242.28,328.06,8.42,0.785,233,0.717,3
165,2.7521,1221.71,323.13,7.97,0.848,232,0.771,2
166,2.7688,1200.81,318.73,8.03,0.835,231,0.756,1
167,2.7855,1179.57,314.84,7.84,0.864,231,0.783,2
168,2.8022,1158.01,311.39,8.23,0.757,231,0.686,2
169,2.8189,1136.28,308.21,8.39,0.786,233,0.718,2
170,2.8355,1114.37,305.39,8.55,0.77,232,0.7,2
171,2.8522,1092.26,303.09,9.01,0.756,237,0.702,2
172,2.8689,1069.94,301.31,9.62,0.505,235,0.466,1
173,2.8856,1047.32,299.96,9.49,0.809,236,0.749,2
174,2.9022,1024.46,299.25,9.69,0.776,235,0.715,3
175,2.9189,1001.4,299.23,9.63,0.772,232,0.703,2
176,2.9356,978.1,299.83,9.65,0.783,232,0.712,2
177,2.9523,954.73,301.14,9.79,0.738,231,0.668,2
178,2.969,931.25,303.17,9.55,0.805,229,0.723,3
179,2.9856,907.32,305.77,9.8,0.814,229,0.731,2
180,3.0023,882.87,308.89,9.87,0.76,229,0.683,2
181,3.019,858.1,312.59,9.98,0.76,232,0.691,1
182,3.0357,833.16,317.04,10.16,0.805,228,0.72,2
183,3.0524,807.95,322.31,10.19,0.755,230,0.681,1
184,3.069,782.36,328.3,10.09,0.752,231,0.681,1
185,3.0857,756.48,334.77,10.1,0.742,231,0.672,3
186,3.1024,730.37,341.7,10.25,0.794,232,0.722,3
187,3.1191,703.9,349.27,10.78,0.778,233,0.711,1
188,3.1358,677.0,357.78,10.9,0.801,232,0.729,3
189,3.1524,649.76,367.25,11.19,0.769,231,0.697,1
190,3.1691,622.18,377.53,11.19,0.684,233,0.625,3
191,3.1858,594.26,388.47,11.75,0.739,233,0.676,1
192,3.2025,566.0,400.08,11.42,0.698,232,0.635,2
193,3.2192,541.11,411.17,11.71,0.734,231,0.665,1
194,3.2358,533.04,417.13,11.51,0.725,231,0.657,2
195,3.2525,555.74,412.87,13.93,0.484,222,0.421,2
196,3.2692,601.68,400.51,13.85,0.598,226,0.53,2
197,3.2859,655.07,385.88,12.51,0.469,229,0.421,2
198,3.3026,708.34,372.21,12.98,0.648,230,0.585,1
199,3.3192,760.16,359.88,12.73,0.627,229,0.564,2
200,3.3359,810.67,348.54,12.49,0.674,230,0.608,4
201,3.3526,860.18,338.14,12.19,0.694,229,0.623,2
202,3.3693,908.68,328.76,12.03,0.707,229,0.635,2
203,3.386,956.09,320.43,12.12,0.726,230,0.655,1
204,3.4026,1002.6,313.19,12.57,0.737,230,0.665,2
205,3.4193,1048.58,307.17,12.56,0.625,231,0.566,3
206,3.436,1093.76,302.39,11.43,0.671,230,0.605,2
207,3.4527,1138.06,298.42,10.96,0.677,232,0.616,1
208,3.4694,1181.81,294.99,10.55,0.784,231,0.71,2
209,3.486,1224.97,292.14,10.65,0.762,231,0.69,2
210,3.5027,1267.19,290.03,10.51,0.733,231,0.664,4
211,3.5194,1308.42,288.77,10.45,0.689,230,0.621,2
212,3.5361,1349.06,288.38,10.28,0.773,230,0.697,2
213,3.5528,1389.29,288.77,10.3,0.726,230,0.654,1
214,3.5694,1429.05,289.85,10.37,0.787,230,0.71,1
215,3.5861,1467.85,291.69,10.16,0.79,231,0.715,1
216,3.6028,1500.45,293.86,10.16,0.7,232,0.637,2
217,3.6195,1511.28,295.09,7.44,0.853,230,0.769,1
218,3.6361,1488.2,294.52,10.85,0.679,226,0.602,1
219,3.6528,1443.52,293.1,10.52,0.729,228,0.652,1
220,3.6695,1393.67,291.92,10.07,0.73,228,0.653,1
221,3.6862,1344.58,291.35,9.8,0.697,229,0.626,1
222,3.7029,1296.76,291.52,10.46,0.688,229,0.618,1
223,3.7195,1249.93,292.34,10.35,0.604,230,0.544,1
224,3.7362,1203.8,293.63,10.01,0.743,225,0.656,1
225,3.7529,1158.29,295.16,10.23,0.678,226,0.601,1
226,3.7696,1113.9,296.91,10.72,0.698,226,0.618,1
227,3.7863,1070.9,299.17,10.89,0.535,226,0.475,1
228,3.8029,1028.87,302.14,10.77,0.706,226,0.626,1
229,3.8196,987.54,305.89,10.78,0.718,229,0.645,1
230,3.8363,947.05,310.31,10.06,0.672,229,0.604,1
231,3.853,907.47,315.17,10.01,0.711,229,0.638,2
232,3.8697,868.63,320.49,9.8,0.691,229,0.621,1
233,3.8863,830.44,326.3,9.74,0.694,230,0.626,1
234,3.903,792.93,332.6,9.92,0.659,230,0.594,1
235,3.9197,756.15,339.29,10.17,0.639,232,0.581,2
236,3.9364,720.01,346.26,10.04,0.637,230,0.575,1
237,3.9531,684.56,353.61,9.42,0.582,230,0.525,1
238,3.9697,649.61,361.4,9.01,0.586,230,0.529,1
239,3.9864,615.31,369.57,9.71,0.52,226,0.461,2
240,4.0031,581.37,378.16,7.36,0.639,225,0.564,1
241,4.0198,547.04,387.54,9.3,0.66,225,0.583,1
242,4.0365,516.1,396.4,9.07,0.702,228,0.627,1
243,4.0531,498.91,400.91,7.51,0.714,223,0.625,1
244,4.0698,503.9,397.64,7.61,0.693,226,0.614,1
245,4.0865,524.26,389.14,8.65,0.656,226,0.581,1
246,4.1032,550.3,379.18,8.22,0.749,230,0.676,1
247,4.1199,577.85,369.31,8.52,0.739,231,0.669,1
248,4.1365,605.26,360.21,9.46,0.698,232,0.635,1
249,4.1532,632.73,351.8,9.67,0.721,232,0.656,1
250,4.1699,660.54,344.0,9.73,0.658,233,0.602,1
251,4.1866,688.77,336.82,9.51,0.659,232,0.599,1
252,4.2033,717.42,330.2,9.82,0.681,233,0.622,1
253,4.2199,746.46,324.19,9.96,0.721,233,0.659,1
254,4.2366,775.92,318.73,9.99,0.709,235,0.654,1
255,4.2533,805.93,313.89,10.08,0.686,236,0.635,1
256,4.27,836.38,309.82,10.16,0.718,232,0.653,1
257,4.2867,867.05,306.44,10.08,0.707,233,0.646,1
258,4.3033,898.09,303.62,10.46,0.783,235,0.722,1
259,4.32,929.7,301.44,10.64,0.797,237,0.741,1
260,4.3367,961.77,300.05,11.16,0.815,235,0.751,1
261,4.3534,994.24,299.6,11.08,0.655,233,0.598,1
262,4.3701,1027.29,300.08,11.35,0.743,232,0.676,1
263,4.3867,1060.98,301.4,11.14,0.682,236,0.631,1
264,4.4034,1095.2,303.38,11.48,0.753,235,0.694,1
265,4.4201,1129.95,306.09,11.17,0.749,235,0.69,1
266,4.4368,1165.16,309.61,11.51,0.784,236,0.726,1
267,4.4534,1201.02,313.9,11.54,0.788,236,0.729,2
268,4.4701,1237.34,319.02,11.7,0.782,236,0.724,2
269,4.4868,1274.1,325.06,12.25,0.791,235,0.729,1
270,4.5035,1311.68,332.11,12.08,0.791,237,0.735,1
271,4.5202,1350.15,340.15,12.15,0.749,235,0.69,1
272,4.5368,1389.17,349.05,12.48,0.785,233,0.717,1
273,4.5535,1428.65,358.81,13.3,0.698,235,0.643,1
274,4.5702,1468.64,369.55,13.32,0.603,236,0.558,1
275,4.5869,1510.36,381.58,12.43,0.688,236,0.637,3
276,4.6036,1553.05,393.64,12.77,0.731,236,0.677,1
277,4.6202,,,,,,0.0,0
278,4.6369,1582.58,400.85,8.84,0.47,233,0.43,2
279,4.6536,1581.93,398.67,14.13,0.585,238,0.546,1
280,4.6703,1562.2,389.93,15.88,0.481,224,0.422,4
281,4.687,1537.04,378.55,12.38,0.793,236,0.734,1
282,4.7036,1511.88,367.56,12.39,0.751,237,0.698,1
283,4.7203,1488.26,358.13,12.35,0.793,237,0.737,1
284,4.737,1465.63,349.76,12.72,0.65,236,0.602,1
285,4.7537,1443.01,341.9,11.85,0.838,238,0.782,1
286,4.7704,1420.28,334.89,11.73,0.838,238,0.782,1
287,4.787,1397.58,328.9,11.68,0.82,236,0.759,2
288,4.8037,1375.01,323.78,11.71,0.797,238,0.744,2
289,4.8204,1352.74,319.49,11.62,0.859,236,0.795,1
290,4.8371,1330.8,316.07,11.4,0.844,235,0.778,1
291,4.8538,1309.03,313.41,11.06,0.784,235,0.722,1
292,4.8704,1287.29,311.44,11.51,0.763,236,0.706,1
293,4.8871,1265.76,310.26,11.32,0.803,236,0.743,1
294,4.9038,1244.67,309.89,11.47,0.854,237,0.794,1
295,4.9205,1224.05,310.34,11.08,0.845,235,0.779,1
296,4.9372,1203.55,311.56,10.76,0.848,235,0.781,1
297,4.9538,1183.04,313.47,10.8,0.829,236,0.767,1
298,4.9705,1162.75,316.09,10.87,0.872,235,0.804,1
299,4.9872,1142.88,319.38,11.03,0.774,235,0.713,2
300,5.0039,1123.27,323.45,10.95,0.821,236,0.76,1
301,5.0206,1103.67,328.23,10.58,0.745,235,0.686,1
302,5.0372,1084.31,333.59,10.73,0.8,236,0.74,1
303,5.0539,1065.62,339.54,10.73,0.789,236,0.73,1
304,5.0706,1091.36,347.16,10.72,0.76,237,0.706,1
305,5.0873,1242.16,346.46,6.73,0.653,235,0.601,1
306,5.104,,,,,,0.0,0
307,5.1206,,,,,,0.0,0
308,5.1373,,,,,,0.0,0
309,5.154,1425.81,305.3,4.41,0.658,193,0.498,1
310,5.1707,,,,,,0.0,0
311,5.1874,,,,,,0.0,0
312,5.204,1408.51,222.83,4.44,0.812,243,0.774,2
313,5.2207,,,,,,0.0,0
314,5.2374,1311.15,190.18,4.41,0.799,242,0.758,1
315,5.2541,,,,,,0.0,0
316,5.2707,1219.24,270.01,4.42,0.837,246,0.808,1
317,5.2874,,,,,,0.0,0
318,5.3041,,,,,,0.0,0
319,5.3208,,,,,,0.0,0
320,5.3375,,,,,,0.0,0
321,5.3541,1116.01,422.63,5.47,0.733,239,0.687,1
322,5.3708,1059.18,516.04,10.08,0.881,242,0.836,1
323,5.3875,1056.64,538.23,10.3,0.732,242,0.695,2
324,5.4042,1070.32,540.21,10.28,0.833,242,0.791,2
325,5.4209,1084.33,542.7,10.33,0.859,240,0.809,1
326,5.4375,1098.32,545.78,10.52,0.762,242,0.723,2
327,5.4542,1112.3,548.76,10.79,0.823,239,0.771,1
328,5.4709,1125.95,549.63,10.1,0.794,239,0.744,1
329,5.4876,1138.97,547.22,10.39,0.842,240,0.793,1
330,5.5043,1151.59,543.13,10.25,0.82,242,0.778,1
331,5.5209,1164.36,539.17,10.23,0.862,242,0.818,1
332,5.5376,1177.37,535.91,9.93,0.808,237,0.751,1
333,5.5543,1190.24,533.57,10.43,0.879,239,0.823,1
334,5.571,1202.91,532.12,10.39,0.892,239,0.836,1
335,5.5877,1215.57,531.42,10.59,0.842,240,0.793,2
336,5.6043,1228.27,531.39,10.41,0.881,240,0.829,1
337,5.621,1241.07,532.04,10.46,0.855,239,0.801,1
338,5.6377,1253.96,533.52,10.33,0.868,240,0.817,1
339,5.6544,1266.8,535.7,10.38,0.876,239,0.821,1
340,5.6711,1279.61,537.4,10.75,0.816,242,0.774,1
341,5.6877,1292.48,537.08,10.7,0.851,242,0.807,1
342,5.7044,1305.51,534.83,10.72,0.897,239,0.841,2
343,5.7211,1318.64,532.18,10.73,0.884,240,0.832,2
344,5.7378,1331.69,530.13,10.85,0.883,240,0.831,2
345,5.7545,1344.59,528.81,10.62,0.887,239,0.831,2
346,5.7711,1357.49,528.19,10.76,0.837,237,0.778,1
347,5.7878,1370.5,528.34,10.83,0.901,239,0.844,2
348,5.8045,1383.65,528.94,10.87,0.822,240,0.774,2
349,5.8212,1396.83,528.95,10.76,0.684,240,0.644,2
350,5.8379,1409.85,527.42,10.9,0.845,238,0.789,2
351,5.8545,1422.74,524.96,10.86,0.897,239,0.841,1
352,5.8712,1435.72,522.71,10.98,0.826,238,0.771,2
353,5.8879,1448.78,521.28,10.89,0.862,238,0.804,2
354,5.9046,1461.76,520.79,10.93,0.806,239,0.755,2
355,5.9213,1474.63,520.86,10.83,0.872,238,0.814,1
356,5.9379,1487.47,520.56,10.98,0.849,237,0.789,2
357,5.9546,1500.36,519.12,11.03,0.851,236,0.787,2
358,5.9713,1513.46,517.06,11.04,0.872,236,0.807,2
359,5.988,1527.33,515.31,11.11,0.892,235,0.822,2
360,6.0047,1543.53,514.14,11.01,0.868,235,0.8,2
361,6.0213,,,,,,0.0,1
362,6.038,1561.71,513.05,11.01,0.798,233,0.729,2
363,6.0547,1526.04,501.16,10.81,0.817,235,0.753,2
364,6.0714,1306.95,453.42,11.15,0.838,233,0.766,2
365,6.088,,,,,,0.0,1
366,6.1047,933.52,376.09,4.77,0.782,195,0.598,1
367,6.1214,760.6,339.02,4.7,0.71,196,0.546,1
368,6.1381,957.81,373.29,4.77,0.666,198,0.517,1
369,6.1548,,,,,,0.0,1
370,6.1714,1313.43,436.96,11.11,0.821,235,0.757,2
371,6.1881,1315.3,434.53,9.21,0.516,233,0.472,2
372,6.2048,,,,,,0.0,1
373,6.2215,958.95,365.73,5.53,0.749,182,0.534,1
374,6.2382,707.47,316.31,5.19,0.679,195,0.519,1
375,6.2548,650.55,302.39,5.01,0.682,189,0.506,1
376,6.2715,649.63,298.48,5.0,0.67,190,0.499,1
377,6.2882,648.65,294.68,4.95,0.695,193,0.526,1
378,6.3049,647.8,291.28,4.92,0.766,195,0.586,1
379,6.3216,647.15,288.34,4.92,0.766,193,0.58,1
380,6.3382,646.7,285.89,4.67,0.7,192,0.527,1
381,6.3549,646.37,283.94,4.75,0.788,193,0.596,1
382,6.3716,645.87,282.35,4.6,0.693,192,0.522,2
383,6.3883,645.18,281.06,4.7,0.76,193,0.575,2
384,6.405,644.76,280.07,4.79,0.68,194,0.517,1
385,6.4216,609.47,264.07,4.57,0.737,196,0.567,1
386,6.4383,451.99,195.44,4.69,0.865,194,0.658,1
